flw_count,id,name,novels,score
376,2059163,一只白空空,"[{'nid': '7072571', 'pub_date': '2022-07-09 15:42:01'}, {'nid': '6494947', 'pub_date': '2023-01-15 13:00:00'}, {'nid': '4431673', 'pub_date': '2022-07-12 06:00:00'}, {'nid': '4720252', 'pub_date': '2020-04-06 11:38:51'}, {'nid': '5651505', 'pub_date': '2021-04-05 20:14:24'}, {'nid': '6558418', 'pub_date': '2022-04-26 19:00:00'}, {'nid': '5765537', 'pub_date': '2021-05-14 19:11:22'}, {'nid': '4343401', 'pub_date': '2019-09-06 20:43:41'}]",2.1亿
285,4980740,萨摩耶摇尾巴,"[{'nid': '7234474', 'pub_date': '2023-01-26 12:00:00'}, {'nid': '7153870', 'pub_date': '2022-07-27 16:37:43'}]",1.1亿
1333,4672470,Morisawa,"[{'nid': '6854399', 'pub_date': '2023-01-22 15:00:00'}, {'nid': '6832237', 'pub_date': '2022-05-25 18:00:00'}, {'nid': '6754955', 'pub_date': '2022-04-10 12:00:01'}]",4.8亿
895,2049300,寂寂如雪,"[{'nid': '5187711', 'pub_date': '2023-01-10 20:42:50'}, {'nid': '5177055', 'pub_date': '2022-04-18 17:10:00'}, {'nid': '5015479', 'pub_date': '2020-09-01 23:52:11'}, {'nid': '3233687', 'pub_date': '2017-06-23 08:55:38'}]",3.2亿
8828,2479512,时千辞,"[{'nid': '6561570', 'pub_date': '2023-01-22 12:00:00'}, {'nid': '6191294', 'pub_date': '2022-04-22 12:00:00'}, {'nid': '5728396', 'pub_date': '2021-08-24 17:00:00'}, {'nid': '4783288', 'pub_date': '2020-08-18 21:00:00'}, {'nid': '4903315', 'pub_date': '2021-03-25 19:30:00'}, {'nid': '4520706', 'pub_date': '2020-04-14 09:30:00'}]",32.8亿
219,4963749,拉弥亚看不见乌托邦,"[{'nid': '7395677', 'pub_date': '2023-01-29 12:00:00'}, {'nid': '7132504', 'pub_date': '2022-07-22 22:01:48'}]",1.2亿
2693,2476142,宴时陈羡,"[{'nid': '7573151', 'pub_date': '2023-01-10 21:00:00'}, {'nid': '5036044', 'pub_date': '2021-11-29 12:00:00'}, {'nid': '4831648', 'pub_date': '2021-06-03 00:00:00'}, {'nid': '4343783', 'pub_date': '2020-06-07 12:20:01'}, {'nid': '5243303', 'pub_date': '2022-09-21 18:59:59'}, {'nid': '5063156', 'pub_date': '2022-07-25 23:33:33'}, {'nid': '4750396', 'pub_date': '2022-03-28 23:59:59'}, {'nid': '4894679', 'pub_date': '2020-10-19 19:32:33'}, {'nid': '4109219', 'pub_date': '2019-04-07 16:02:16'}]",7.5亿
304,4431260,奶油小鹅,"[{'nid': '7278273', 'pub_date': '2023-02-02 21:00:00'}, {'nid': '7507947', 'pub_date': '2022-11-18 21:00:00'}, {'nid': '6688757', 'pub_date': '2022-08-19 20:00:00'}, {'nid': '6444515', 'pub_date': '2022-03-07 20:00:00'}]",1.1亿
7702,3304413,云劫,"[{'nid': '5088503', 'pub_date': '2023-01-26 12:00:00'}, {'nid': '5088489', 'pub_date': '2020-10-04 12:00:00'}, {'nid': '7003935', 'pub_date': '2022-10-04 12:00:00'}, {'nid': '5088496', 'pub_date': '2022-02-04 12:00:30'}, {'nid': '5500918', 'pub_date': '2021-05-06 12:00:00'}, {'nid': '6055479', 'pub_date': '2021-11-10 12:00:00'}, {'nid': '5272015', 'pub_date': '2021-03-02 12:00:00'}, {'nid': '5093030', 'pub_date': '2022-06-03 12:00:30'}, {'nid': '5239871', 'pub_date': '2020-11-27 12:00:00'}, {'nid': '7173928', 'pub_date': '2022-08-19 12:00:30'}, {'nid': '5275152', 'pub_date': '2021-03-19 12:00:00'}]",47.7亿
3051,3250451,金玉满庭,"[{'nid': '6524491', 'pub_date': '2023-01-19 12:00:00'}, {'nid': '5545007', 'pub_date': '2021-12-24 21:00:00'}, {'nid': '5031030', 'pub_date': '2020-07-27 14:46:03'}, {'nid': '5250087', 'pub_date': '2021-01-17 20:30:00'}, {'nid': '5112674', 'pub_date': '2021-05-11 19:35:00'}, {'nid': '5117892', 'pub_date': '2020-08-22 22:07:41'}]",8.4亿
350,2618598,猫咪鱼池,"[{'nid': '6960205', 'pub_date': '2023-02-04 17:00:00'}, {'nid': '5302691', 'pub_date': '2022-11-05 00:00:00'}, {'nid': '4453993', 'pub_date': '2022-04-01 00:00:00'}, {'nid': '5323138', 'pub_date': '2021-10-18 18:00:00'}, {'nid': '5321434', 'pub_date': '2020-11-29 14:36:45'}, {'nid': '4458685', 'pub_date': '2021-03-24 00:00:00'}, {'nid': '4425175', 'pub_date': '2020-10-28 18:00:00'}, {'nid': '5310540', 'pub_date': '2022-02-04 21:00:00'}, {'nid': '6783148', 'pub_date': '2022-12-18 00:52:56'}, {'nid': '6988298', 'pub_date': '2022-08-02 00:48:00'}, {'nid': '5258312', 'pub_date': '2020-10-27 11:44:03'}, {'nid': '4320127', 'pub_date': '2019-08-21 02:13:19'}, {'nid': '4357922', 'pub_date': '2019-12-31 21:50:55'}]",2.8亿
6382,1775182,爱小说的宅叶子,"[{'nid': '4059939', 'pub_date': '2020-06-12 21:00:00'}, {'nid': '4030557', 'pub_date': '2019-04-19 21:00:01'}, {'nid': '4998961', 'pub_date': '2022-05-10 21:00:00'}, {'nid': '6668001', 'pub_date': '2023-01-01 09:53:48'}, {'nid': '7664008', 'pub_date': '2023-01-01 09:54:00'}, {'nid': '3603994', 'pub_date': '2018-07-26 20:00:00'}, {'nid': '3614575', 'pub_date': '2019-04-07 18:10:01'}, {'nid': '3232641', 'pub_date': '2017-09-17 01:03:04'}, {'nid': '3403907', 'pub_date': '2017-11-19 01:57:00'}, {'nid': '3202008', 'pub_date': '2017-06-02 20:00:00'}, {'nid': '3370719', 'pub_date': '2018-06-11 01:56:00'}, {'nid': '3646651', 'pub_date': '2019-02-11 09:00:01'}, {'nid': '2731908', 'pub_date': '2016-04-07 00:10:30'}]",30.9亿
2493,3455384,饼鸽鸽,"[{'nid': '6915373', 'pub_date': '2023-01-02 22:09:26'}, {'nid': '6396893', 'pub_date': '2022-07-02 11:01:10'}, {'nid': '5954995', 'pub_date': '2021-12-21 06:00:01'}, {'nid': '5739632', 'pub_date': '2021-06-30 09:00:00'}]",8.7亿
96197,1923880,三千大梦叙平生,"[{'nid': '5515791', 'pub_date': '2023-01-14 22:10:00'}, {'nid': '6576337', 'pub_date': '2022-02-27 06:10:07'}, {'nid': '4641440', 'pub_date': '2020-07-23 05:53:00'}, {'nid': '4343791', 'pub_date': '2020-02-01 01:31:30'}, {'nid': '4033351', 'pub_date': '2019-06-27 20:00:00'}, {'nid': '3902137', 'pub_date': '2019-01-26 15:00:00'}, {'nid': '3442572', 'pub_date': '2018-09-08 12:30:00'}, {'nid': '3442268', 'pub_date': '2018-04-18 17:00:00'}, {'nid': '3366380', 'pub_date': '2017-12-03 12:00:00'}, {'nid': '3275563', 'pub_date': '2018-12-04 21:00:00'}, {'nid': '3319694', 'pub_date': '2017-09-12 13:45:00'}, {'nid': '3179578', 'pub_date': '2017-05-20 14:40:00'}, {'nid': '3179573', 'pub_date': '2017-07-23 14:00:00'}, {'nid': '3038951', 'pub_date': '2017-01-07 10:50:00'}, {'nid': '3121347', 'pub_date': '2017-03-20 17:30:00'}, {'nid': '3561640', 'pub_date': '2018-09-06 00:56:30'}, {'nid': '3119869', 'pub_date': '2017-03-06 17:36:21'}, {'nid': '2979444', 'pub_date': '2016-11-11 20:11:49'}]",352.9亿
198,4508160,身健且加餐,"[{'nid': '6639972', 'pub_date': '2022-03-10 15:08:12'}, {'nid': '6545130', 'pub_date': '2022-02-07 23:09:35'}]",2.2亿
73,5310501,哆啦A洛,"[{'nid': '7583660', 'pub_date': '2022-12-05 00:30:53'}]",5836.5万
30900,1784123,慕吱,"[{'nid': '7527696', 'pub_date': '2023-01-23 20:00:00'}, {'nid': '4845279', 'pub_date': '2021-11-30 20:00:00'}, {'nid': '3481552', 'pub_date': '2020-02-22 20:00:00'}, {'nid': '3984920', 'pub_date': '2021-07-26 20:00:00'}, {'nid': '3069898', 'pub_date': '2018-05-29 20:00:00'}, {'nid': '3963886', 'pub_date': '2020-12-27 20:00:00'}, {'nid': '4422225', 'pub_date': '2022-10-17 20:00:00'}, {'nid': '4213498', 'pub_date': '2022-08-07 19:00:00'}, {'nid': '6558145', 'pub_date': '2022-05-03 20:00:00'}, {'nid': '4621989', 'pub_date': '2020-05-30 20:00:00'}, {'nid': '3235261', 'pub_date': '2017-10-24 20:00:00'}, {'nid': '4014494', 'pub_date': '2019-06-30 20:00:00'}, {'nid': '3034288', 'pub_date': '2019-03-04 20:00:00'}, {'nid': '3133267', 'pub_date': '2017-04-03 20:00:00'}, {'nid': '2744597', 'pub_date': '2016-04-21 14:54:56'}, {'nid': '3162013', 'pub_date': '2018-01-23 20:00:00'}, {'nid': '3496456', 'pub_date': '2018-08-28 20:00:00'}, {'nid': '3527038', 'pub_date': '2018-12-04 20:00:00'}, {'nid': '4342358', 'pub_date': '2019-09-05 22:25:00'}, {'nid': '3992572', 'pub_date': '2019-10-07 20:00:00'}, {'nid': '2903033', 'pub_date': '2017-01-07 17:17:17'}, {'nid': '2741509', 'pub_date': '2016-04-17 17:00:00'}]",97.7亿
826,3243874,轻阖,"[{'nid': '6515180', 'pub_date': '2023-01-07 18:00:00'}, {'nid': '6325406', 'pub_date': '2022-03-20 21:00:00'}, {'nid': '5562758', 'pub_date': '2021-04-17 00:00:00'}, {'nid': '5721546', 'pub_date': '2021-11-19 21:00:00'}, {'nid': '5354575', 'pub_date': '2020-12-16 01:52:18'}, {'nid': '5340663', 'pub_date': '2020-12-09 01:59:41'}, {'nid': '5023742', 'pub_date': '2020-07-24 23:54:41'}, {'nid': '5686496', 'pub_date': '2021-04-11 13:28:50'}, {'nid': '5463692', 'pub_date': '2021-01-29 19:21:54'}, {'nid': '5230596', 'pub_date': '2020-10-12 00:47:55'}, {'nid': '7535101', 'pub_date': '2022-11-18 18:00:00'}, {'nid': '5064529', 'pub_date': '2020-08-07 00:11:45'}, {'nid': '5124509', 'pub_date': '2020-08-24 23:51:09'}]",4.5亿
3742,4331564,云十九,"[{'nid': '7229937', 'pub_date': '2023-01-13 03:00:00'}, {'nid': '6726680', 'pub_date': '2022-07-06 23:09:00'}, {'nid': '6336442', 'pub_date': '2022-02-01 18:00:00'}, {'nid': '6303295', 'pub_date': '2021-11-03 10:32:55'}, {'nid': '6299979', 'pub_date': '2021-11-01 11:50:01'}]",13.7亿
483,2870284,锦桑桑,"[{'nid': '6395338', 'pub_date': '2023-01-21 21:00:00'}, {'nid': '4857845', 'pub_date': '2021-12-05 09:00:00'}, {'nid': '4780397', 'pub_date': '2021-08-08 18:00:00'}, {'nid': '5487623', 'pub_date': '2022-10-26 09:00:00'}, {'nid': '5434895', 'pub_date': '2021-01-21 18:00:00'}, {'nid': '5551521', 'pub_date': '2021-03-04 00:10:00'}]",3.7亿
197,5365873,林秋见,"[{'nid': '7683370', 'pub_date': '2023-01-11 12:30:00'}]",1.3亿
1094,1768908,大嘘菊,"[{'nid': '3251754', 'pub_date': '2023-01-14 18:00:00'}, {'nid': '2830906', 'pub_date': '2022-01-08 12:00:00'}, {'nid': '3450519', 'pub_date': '2018-10-08 12:00:00'}, {'nid': '2931792', 'pub_date': '2016-09-18 17:06:03'}, {'nid': '2830964', 'pub_date': '2017-07-01 11:40:00'}, {'nid': '2720590', 'pub_date': '2016-06-29 15:20:00'}, {'nid': '4468466', 'pub_date': '2020-03-09 22:40:00'}]",2.5亿
194351,1810865,退戈,"[{'nid': '6883339', 'pub_date': '2023-01-18 12:04:53'}, {'nid': '5698937', 'pub_date': '2022-05-02 12:02:30'}, {'nid': '4501119', 'pub_date': '2021-03-08 06:00:00'}, {'nid': '4658774', 'pub_date': '2020-04-23 11:55:00'}, {'nid': '4163462', 'pub_date': '2019-12-31 13:00:00'}, {'nid': '5214228', 'pub_date': '2021-07-12 12:00:00'}, {'nid': '2892217', 'pub_date': '2017-11-15 20:00:00'}, {'nid': '3701899', 'pub_date': '2019-07-30 00:00:00'}, {'nid': '3355407', 'pub_date': '2018-12-20 21:35:00'}, {'nid': '3051654', 'pub_date': '2017-01-13 13:13:13'}, {'nid': '4423154', 'pub_date': '2020-09-19 10:15:00'}, {'nid': '3110860', 'pub_date': '2017-07-07 07:07:07'}, {'nid': '3939461', 'pub_date': '2019-05-09 00:00:01'}, {'nid': '3443063', 'pub_date': '2018-07-21 11:00:00'}, {'nid': '2892289', 'pub_date': '2018-04-04 00:00:00'}, {'nid': '4034885', 'pub_date': '2019-03-19 00:00:00'}, {'nid': '3631906', 'pub_date': '2018-06-25 16:20:00'}, {'nid': '3137851', 'pub_date': '2018-05-17 22:22:22'}, {'nid': '3702105', 'pub_date': '2020-02-05 00:00:00'}, {'nid': '5167216', 'pub_date': '2020-09-12 16:56:52'}, {'nid': '3359714', 'pub_date': '2017-09-27 08:10:45'}, {'nid': '3110855', 'pub_date': '2017-08-29 20:20:20'}, {'nid': '3110848', 'pub_date': '2017-05-27 00:10:10'}, {'nid': '3043679', 'pub_date': '2017-01-05 00:55:55'}, {'nid': '2802667', 'pub_date': '2016-09-24 11:11:11'}, {'nid': '3160352', 'pub_date': '2017-04-13 22:13:17'}]",665.8亿
751,4037873,沙,"[{'nid': '6346740', 'pub_date': '2021-12-26 21:00:00'}, {'nid': '6301472', 'pub_date': '2022-12-23 18:00:00'}, {'nid': '6446121', 'pub_date': '2022-09-22 16:22:24'}, {'nid': '6389930', 'pub_date': '2022-06-27 18:00:00'}, {'nid': '6153468', 'pub_date': '2022-01-02 09:00:00'}, {'nid': '6191022', 'pub_date': '2021-10-25 21:00:00'}, {'nid': '6035226', 'pub_date': '2021-08-02 23:34:00'}, {'nid': '6679861', 'pub_date': '2023-01-27 00:00:00'}, {'nid': '6178363', 'pub_date': '2022-09-13 09:00:00'}]",9.8亿
1420,1616876,苏尔酱,"[{'nid': '6793430', 'pub_date': '2022-12-21 15:40:00'}, {'nid': '2863940', 'pub_date': '2018-01-11 19:25:57'}, {'nid': '4206605', 'pub_date': '2022-04-07 16:26:02'}, {'nid': '3462213', 'pub_date': '2018-07-23 21:45:25'}, {'nid': '3863732', 'pub_date': '2019-09-05 12:00:00'}, {'nid': '2614233', 'pub_date': '2016-11-17 20:20:00'}, {'nid': '2511371', 'pub_date': '2015-07-20 16:30:39'}, {'nid': '7703338', 'pub_date': '2023-01-12 14:45:42'}, {'nid': '2522498', 'pub_date': '2015-07-30 09:35:07'}, {'nid': '2522572', 'pub_date': '2015-07-30 10:45:36'}, {'nid': '2613146', 'pub_date': '2015-11-23 18:30:45'}]",5亿
2208,3316883,西枫,"[{'nid': '5674918', 'pub_date': '2021-07-12 15:00:00'}, {'nid': '5603977', 'pub_date': '2021-03-15 14:56:54'}, {'nid': '5120544', 'pub_date': '2021-02-24 15:00:00'}, {'nid': '5104362', 'pub_date': '2020-08-18 20:37:58'}, {'nid': '6073287', 'pub_date': '2023-01-18 22:15:39'}]",10亿
503,3894827,柒喵是个坏喵,"[{'nid': '7332801', 'pub_date': '2023-01-10 18:00:00'}, {'nid': '6688405', 'pub_date': '2022-08-29 18:00:00'}, {'nid': '6633957', 'pub_date': '2022-05-31 18:00:00'}, {'nid': '6364648', 'pub_date': '2022-03-01 15:00:01'}, {'nid': '6338301', 'pub_date': '2021-11-20 23:00:00'}, {'nid': '6958991', 'pub_date': '2022-11-22 18:00:01'}]",2.3亿
6070,3458556,狮子星系,"[{'nid': '5833166', 'pub_date': '2021-06-04 20:09:59'}, {'nid': '6359342', 'pub_date': '2023-01-26 12:00:00'}, {'nid': '5981278', 'pub_date': '2022-02-28 12:00:00'}, {'nid': '5939657', 'pub_date': '2022-09-13 12:00:00'}, {'nid': '5647886', 'pub_date': '2021-07-05 12:00:00'}, {'nid': '5302139', 'pub_date': '2021-03-29 15:00:00'}]",15.9亿
3800,2498411,的卢,"[{'nid': '5123722', 'pub_date': '2023-01-09 12:00:00'}, {'nid': '7240704', 'pub_date': '2022-09-22 03:11:00'}, {'nid': '5070684', 'pub_date': '2021-11-22 09:00:00'}, {'nid': '4712496', 'pub_date': '2022-05-09 10:00:00'}, {'nid': '4168812', 'pub_date': '2020-03-07 03:36:08'}, {'nid': '4894130', 'pub_date': '2020-11-24 12:00:00'}, {'nid': '5310909', 'pub_date': '2020-11-24 00:19:11'}]",13.7亿
567,2397079,暮光里的钟声,"[{'nid': '5576214', 'pub_date': '2023-01-11 00:00:15'}, {'nid': '5549309', 'pub_date': '2021-07-17 17:23:09'}, {'nid': '5357207', 'pub_date': '2020-12-17 21:23:22'}, {'nid': '3960381', 'pub_date': '2018-12-17 00:24:00'}]",2.3亿
208,4416878,白不一二,"[{'nid': '7068902', 'pub_date': '2022-08-05 21:00:00'}, {'nid': '6593885', 'pub_date': '2022-05-30 21:00:00'}, {'nid': '6868234', 'pub_date': '2022-07-02 10:43:30'}, {'nid': '6422137', 'pub_date': '2021-12-29 10:10:10'}]",1.5亿
23,2510892,五城,"[{'nid': '6844635', 'pub_date': '2022-12-31 17:20:23'}, {'nid': '5586071', 'pub_date': '2021-03-09 01:05:13'}]",3901.5万
4688,2163331,珊瑚与夏天,"[{'nid': '6362177', 'pub_date': '2023-01-14 10:53:26'}, {'nid': '4752397', 'pub_date': '2022-04-23 16:56:26'}, {'nid': '3972445', 'pub_date': '2020-09-26 20:35:53'}, {'nid': '3942805', 'pub_date': '2019-03-26 12:00:01'}, {'nid': '5204708', 'pub_date': '2021-05-25 18:53:00'}, {'nid': '5813979', 'pub_date': '2021-11-22 21:53:26'}, {'nid': '4414163', 'pub_date': '2020-02-26 23:00:15'}, {'nid': '4419813', 'pub_date': '2020-04-15 20:53:53'}, {'nid': '4092305', 'pub_date': '2019-11-08 07:26:53'}, {'nid': '3484623', 'pub_date': '2018-11-30 18:07:14'}, {'nid': '3947775', 'pub_date': '2018-12-24 09:00:01'}, {'nid': '3401022', 'pub_date': '2017-11-12 12:40:11'}, {'nid': '3945879', 'pub_date': '2019-03-18 00:00:01'}]",25.4亿
92,5320533,美少女dibala,"[{'nid': '7636351', 'pub_date': '2023-01-01 20:13:14'}]",2527.4万
103,4292655,长尔鲨,"[{'nid': '7658090', 'pub_date': '2023-01-09 00:35:00'}]",4133.6万
104,3472904,芮伊,"[{'nid': '5295922', 'pub_date': '2022-07-25 09:00:01'}, {'nid': '7200041', 'pub_date': '2023-01-12 21:00:00'}, {'nid': '7662942', 'pub_date': '2023-01-01 00:00:00'}]",8967.6万
1841,2225788,斯文有料,"[{'nid': '6977971', 'pub_date': '2023-01-11 21:03:03'}, {'nid': '6054651', 'pub_date': '2022-08-23 21:00:01'}, {'nid': '5999337', 'pub_date': '2021-11-23 12:00:00'}, {'nid': '5775703', 'pub_date': '2021-07-08 15:00:00'}, {'nid': '5516448', 'pub_date': '2021-04-14 03:00:00'}, {'nid': '5020702', 'pub_date': '2020-09-15 00:00:01'}, {'nid': '4937312', 'pub_date': '2022-05-10 18:00:00'}, {'nid': '4865414', 'pub_date': '2020-06-20 00:00:00'}, {'nid': '4809074', 'pub_date': '2020-05-06 22:43:40'}, {'nid': '5240049', 'pub_date': '2021-01-21 00:30:30'}, {'nid': '3694319', 'pub_date': '2018-12-24 00:20:00'}]",10.1亿
145,5142907,兑水喝可乐,"[{'nid': '7542006', 'pub_date': '2023-01-25 09:00:00'}, {'nid': '7576245', 'pub_date': '2022-12-03 15:00:00'}, {'nid': '7370365', 'pub_date': '2022-11-16 06:00:00'}, {'nid': '7361116', 'pub_date': '2022-09-18 12:00:00'}]",8204.5万
24,4838990,柒阁,"[{'nid': '7704664', 'pub_date': '2023-01-12 21:00:00'}, {'nid': '6972843', 'pub_date': '2022-06-17 00:06:55'}]",5432.4万
494,793733,花开常在,"[{'nid': '4186828', 'pub_date': '2023-01-20 12:00:00'}, {'nid': '4101769', 'pub_date': '2019-04-02 13:15:13'}, {'nid': '3423161', 'pub_date': '2017-12-07 19:11:20'}, {'nid': '2649332', 'pub_date': '2016-01-09 16:33:01'}, {'nid': '2562299', 'pub_date': '2015-09-08 23:53:04'}, {'nid': '2157881', 'pub_date': '2014-07-01 09:15:05'}, {'nid': '2045600', 'pub_date': '2014-03-09 14:38:16'}, {'nid': '2619364', 'pub_date': '2015-12-03 22:42:56'}, {'nid': '1626885', 'pub_date': '2012-09-13 17:28:11'}, {'nid': '1431720', 'pub_date': '2012-01-26 19:49:09'}]",1.7亿
174,3176180,雪幽月冥,"[{'nid': '6262921', 'pub_date': '2023-01-11 13:30:00'}, {'nid': '6352868', 'pub_date': '2022-03-15 09:00:00'}, {'nid': '4941374', 'pub_date': '2020-06-29 14:30:20'}, {'nid': '5976210', 'pub_date': '2022-10-04 00:00:01'}, {'nid': '5832030', 'pub_date': '2021-06-29 12:42:30'}, {'nid': '4993548', 'pub_date': '2020-10-03 12:00:00'}, {'nid': '6702875', 'pub_date': '2022-11-27 10:00:00'}]",1.3亿
357,2507220,云g,"[{'nid': '4756633', 'pub_date': '2023-01-14 09:02:06'}, {'nid': '6187615', 'pub_date': '2022-03-31 21:00:00'}, {'nid': '5525746', 'pub_date': '2021-06-28 09:00:00'}, {'nid': '5220742', 'pub_date': '2021-01-11 18:00:00'}, {'nid': '5023470', 'pub_date': '2020-07-24 22:33:57'}, {'nid': '6961398', 'pub_date': '2022-10-06 22:25:01'}, {'nid': '6335038', 'pub_date': '2021-11-18 15:22:43'}, {'nid': '4807003', 'pub_date': '2020-05-04 23:46:34'}, {'nid': '4169750', 'pub_date': '2019-05-23 22:06:16'}, {'nid': '4304381', 'pub_date': '2019-08-11 23:21:08'}]",1.8亿
48,5368628,瀛洲玉羽,"[{'nid': '7664185', 'pub_date': '2023-01-01 11:18:40'}]",3214.8万
164,4418425,浮生假面,"[{'nid': '7412060', 'pub_date': '2023-01-09 12:00:00'}, {'nid': '6424502', 'pub_date': '2021-12-30 09:02:23'}, {'nid': '6563552', 'pub_date': '2022-09-16 21:00:00'}]",1.5亿
3308,4340030,舒月清,"[{'nid': '6660222', 'pub_date': '2023-01-16 02:34:13'}, {'nid': '7509736', 'pub_date': '2022-12-20 04:16:43'}, {'nid': '7362168', 'pub_date': '2022-11-01 02:46:58'}, {'nid': '7116632', 'pub_date': '2022-09-20 00:38:21'}, {'nid': '6572932', 'pub_date': '2022-06-15 03:00:00'}, {'nid': '6311780', 'pub_date': '2021-11-07 00:46:35'}]",13.3亿
379,4304085,月莓莓兔,"[{'nid': '6360431', 'pub_date': '2022-11-04 00:00:00'}, {'nid': '6333384', 'pub_date': '2023-01-14 09:00:00'}, {'nid': '6305671', 'pub_date': '2021-11-12 00:00:00'}]",2亿
2630,3797153,桃花白茶,"[{'nid': '6497993', 'pub_date': '2023-01-10 19:15:56'}, {'nid': '6805801', 'pub_date': '2022-08-22 18:00:01'}, {'nid': '6326668', 'pub_date': '2022-03-28 06:00:01'}, {'nid': '5942549', 'pub_date': '2021-11-15 18:00:01'}, {'nid': '5631836', 'pub_date': '2021-03-29 21:00:01'}]",18.9亿
1261,2620471,乔迹,"[{'nid': '6401002', 'pub_date': '2023-01-12 00:00:00'}, {'nid': '6919850', 'pub_date': '2022-10-24 18:00:00'}, {'nid': '6305405', 'pub_date': '2021-11-05 00:25:40'}, {'nid': '6257505', 'pub_date': '2022-07-11 00:00:00'}, {'nid': '6204130', 'pub_date': '2022-03-22 00:00:00'}, {'nid': '5703643', 'pub_date': '2021-10-12 06:00:00'}, {'nid': '5808562', 'pub_date': '2021-08-01 06:00:01'}, {'nid': '4350924', 'pub_date': '2020-01-26 12:00:00'}, {'nid': '5754653', 'pub_date': '2021-05-12 00:00:00'}, {'nid': '5620541', 'pub_date': '2021-08-05 21:00:00'}, {'nid': '4322652', 'pub_date': '2019-08-22 21:00:48'}]",7.3亿
82,5344915,清酒加冰,"[{'nid': '7632097', 'pub_date': '2022-12-22 12:17:07'}]",4267.2万
133,3775802,灯火荧煌,"[{'nid': '6883149', 'pub_date': '2022-12-25 18:00:00'}, {'nid': '5613721', 'pub_date': '2021-03-19 17:45:41'}]",3232.8万
267,3907789,笙小,"[{'nid': '7392057', 'pub_date': '2023-01-09 21:00:00'}, {'nid': '6575876', 'pub_date': '2022-02-26 21:00:00'}, {'nid': '7285031', 'pub_date': '2022-09-19 21:00:00'}, {'nid': '7105437', 'pub_date': '2022-07-30 21:00:00'}, {'nid': '6629726', 'pub_date': '2022-03-07 21:00:00'}]",1.1亿
1552,2616659,范月台,"[{'nid': '7392749', 'pub_date': '2023-01-13 16:15:00'}, {'nid': '7151413', 'pub_date': '2022-07-27 00:14:57'}, {'nid': '5793199', 'pub_date': '2022-01-05 15:22:39'}, {'nid': '5666431', 'pub_date': '2021-04-05 01:02:12'}, {'nid': '4994176', 'pub_date': '2020-07-22 14:53:26'}, {'nid': '4317278', 'pub_date': '2019-08-19 12:36:30'}]",3.1亿
459,2669097,仓鼠小七,"[{'nid': '5918602', 'pub_date': '2022-07-25 12:00:00'}, {'nid': '4903357', 'pub_date': '2020-06-13 07:30:00'}, {'nid': '4489290', 'pub_date': '2021-11-09 18:00:00'}, {'nid': '4391809', 'pub_date': '2019-10-19 09:00:00'}]",2.8亿
748,2366459,十三汤,"[{'nid': '4238397', 'pub_date': '2023-01-14 00:00:00'}, {'nid': '4432190', 'pub_date': '2020-03-11 00:00:01'}, {'nid': '4415238', 'pub_date': '2020-10-21 00:00:00'}, {'nid': '4312712', 'pub_date': '2020-01-14 00:00:02'}, {'nid': '4006271', 'pub_date': '2019-01-24 15:50:48'}, {'nid': '3969372', 'pub_date': '2019-06-18 00:00:01'}, {'nid': '3898710', 'pub_date': '2018-10-16 14:59:59'}, {'nid': '3937014', 'pub_date': '2018-12-12 21:00:01'}, {'nid': '4256843', 'pub_date': '2019-07-13 21:00:01'}, {'nid': '4249706', 'pub_date': '2019-10-08 12:00:01'}, {'nid': '4232514', 'pub_date': '2019-08-27 06:00:01'}, {'nid': '4008313', 'pub_date': '2019-01-25 21:25:21'}]",2.8亿
1210,3322257,茗茶,"[{'nid': '6147217', 'pub_date': '2022-12-28 16:45:00'}, {'nid': '5197295', 'pub_date': '2021-12-21 21:15:00'}, {'nid': '5340177', 'pub_date': '2021-06-10 19:40:00'}, {'nid': '5108886', 'pub_date': '2020-08-20 03:18:22'}]",3.6亿
2645,99137,花暮年,"[{'nid': '7253720', 'pub_date': '2023-01-12 15:00:00'}, {'nid': '695012', 'pub_date': '2010-03-30 19:18:08'}, {'nid': '1331137', 'pub_date': '2011-10-01 13:39:06'}, {'nid': '629004', 'pub_date': '2010-01-02 23:07:27'}, {'nid': '7452328', 'pub_date': '2022-11-08 09:00:00'}, {'nid': '2603719', 'pub_date': '2022-07-20 16:57:16'}, {'nid': '1516164', 'pub_date': '2012-05-22 00:00:07'}, {'nid': '773907', 'pub_date': '2010-07-11 09:23:16'}, {'nid': '636556', 'pub_date': '2010-01-14 19:48:07'}, {'nid': '2348952', 'pub_date': '2015-01-05 22:36:50'}, {'nid': '573175', 'pub_date': '2009-10-01 09:11:14'}, {'nid': '477285', 'pub_date': '2009-05-12 15:35:09'}, {'nid': '1502736', 'pub_date': '2012-08-01 14:40:02'}, {'nid': '692279', 'pub_date': '2010-04-01 00:00:02'}, {'nid': '5070851', 'pub_date': '2020-08-08 22:20:03'}, {'nid': '1278963', 'pub_date': '2011-08-15 18:18:23'}, {'nid': '657207', 'pub_date': '2010-02-07 18:03:43'}, {'nid': '559687', 'pub_date': '2009-09-06 15:11:16'}, {'nid': '509909', 'pub_date': '2009-07-09 08:25:21'}, {'nid': '894715', 'pub_date': '2010-09-22 01:15:58'}, {'nid': '1430506', 'pub_date': '2012-01-25 02:00:31'}, {'nid': '694407', 'pub_date': '2010-03-29 17:47:16'}, {'nid': '614971', 'pub_date': '2009-12-11 12:11:57'}, {'nid': '501922', 'pub_date': '2009-06-29 15:51:08'}, {'nid': '714030', 'pub_date': '2010-04-26 18:08:57'}, {'nid': '624669', 'pub_date': '2009-12-27 16:42:45'}, {'nid': '512547', 'pub_date': '2009-07-12 10:00:42'}, {'nid': '567677', 'pub_date': '2009-09-20 01:08:40'}, {'nid': '597099', 'pub_date': '2009-11-09 19:47:44'}, {'nid': '597095', 'pub_date': '2009-11-09 19:44:00'}, {'nid': '483797', 'pub_date': '2009-05-26 16:52:01'}, {'nid': '597096', 'pub_date': '2009-11-09 19:44:50'}, {'nid': '1458083', 'pub_date': '2012-02-29 02:07:55'}, {'nid': '2505729', 'pub_date': '2015-07-27 12:35:03'}, {'nid': '415015', 'pub_date': '2008-12-30 19:48:19'}, {'nid': '121810', 'pub_date': '2006-07-30 14:39:45'}, {'nid': '635152', 'pub_date': '2010-01-12 15:21:36'}, {'nid': '1475508', 'pub_date': '2012-03-24 01:40:56'}, {'nid': '701575', 'pub_date': '2010-04-08 17:57:25'}, {'nid': '614172', 'pub_date': '2009-12-09 19:04:24'}, {'nid': '613575', 'pub_date': '2009-12-08 16:46:01'}, {'nid': '536634', 'pub_date': '2009-08-08 22:31:51'}, {'nid': '504740', 'pub_date': '2009-07-02 21:00:02'}, {'nid': '502445', 'pub_date': '2009-06-30 08:58:49'}, {'nid': '635151', 'pub_date': '2010-01-12 15:21:36'}, {'nid': '629005', 'pub_date': '2010-01-02 23:07:27'}]",16亿
666,2211823,浮生无望,"[{'nid': '6267716', 'pub_date': '2023-01-09 00:00:00'}, {'nid': '5592382', 'pub_date': '2021-09-21 21:00:00'}, {'nid': '4794248', 'pub_date': '2021-02-27 00:00:00'}, {'nid': '4421598', 'pub_date': '2020-04-06 21:00:01'}, {'nid': '3959594', 'pub_date': '2019-02-17 16:14:10'}, {'nid': '4288582', 'pub_date': '2019-11-03 13:20:37'}, {'nid': '3988993', 'pub_date': '2019-06-25 09:00:01'}, {'nid': '3596476', 'pub_date': '2018-11-26 07:58:36'}, {'nid': '3539783', 'pub_date': '2018-04-27 21:11:00'}, {'nid': '3497471', 'pub_date': '2018-02-18 16:59:58'}, {'nid': '3633931', 'pub_date': '2018-06-26 22:25:27'}]",2.8亿
21,5318435,一条半夜鬼叫的疯狗,"[{'nid': '7673397', 'pub_date': '2023-01-08 00:00:00'}]",1792.1万
1436,2350724,一只呆毛,"[{'nid': '5309934', 'pub_date': '2023-01-11 00:00:00'}, {'nid': '3971817', 'pub_date': '2020-08-17 21:00:00'}, {'nid': '5149204', 'pub_date': '2021-01-11 21:00:00'}, {'nid': '4329671', 'pub_date': '2020-03-23 21:00:00'}, {'nid': '4729146', 'pub_date': '2021-06-14 21:00:00'}, {'nid': '4578506', 'pub_date': '2021-12-06 21:00:00'}, {'nid': '4080729', 'pub_date': '2022-03-21 21:00:00'}, {'nid': '4007418', 'pub_date': '2022-06-06 21:00:00'}, {'nid': '4034339', 'pub_date': '2019-08-12 21:00:00'}, {'nid': '3870163', 'pub_date': '2018-09-19 10:10:30'}, {'nid': '3876657', 'pub_date': '2018-09-25 10:16:22'}, {'nid': '4007444', 'pub_date': '2020-11-09 21:00:00'}, {'nid': '4238702', 'pub_date': '2019-12-23 21:00:00'}, {'nid': '4017638', 'pub_date': '2019-08-01 18:05:00'}, {'nid': '4077564', 'pub_date': '2021-04-26 21:00:00'}, {'nid': '3969264', 'pub_date': '2018-12-25 22:50:56'}, {'nid': '4084743', 'pub_date': '2022-08-29 21:00:00'}]",5.6亿
8372,667078,瑟刃,"[{'nid': '5345716', 'pub_date': '2023-01-09 09:00:00'}, {'nid': '4490895', 'pub_date': '2020-01-11 03:14:24'}, {'nid': '4603485', 'pub_date': '2020-03-02 02:04:14'}, {'nid': '2502246', 'pub_date': '2020-11-19 09:00:00'}, {'nid': '1930249', 'pub_date': '2013-10-09 00:08:30'}, {'nid': '6199964', 'pub_date': '2021-09-17 01:10:52'}, {'nid': '3450792', 'pub_date': '2018-01-07 06:06:04'}, {'nid': '2637714', 'pub_date': '2015-12-28 23:18:14'}, {'nid': '2641420', 'pub_date': '2016-01-03 05:27:09'}, {'nid': '1657839', 'pub_date': '2012-11-03 14:19:41'}, {'nid': '1282090', 'pub_date': '2011-08-18 17:16:34'}, {'nid': '1371653', 'pub_date': '2011-11-13 15:41:00'}, {'nid': '2112876', 'pub_date': '2014-05-03 01:32:34'}, {'nid': '2237185', 'pub_date': '2015-06-20 09:15:01'}, {'nid': '1170067', 'pub_date': '2011-04-11 13:01:19'}, {'nid': '1242059', 'pub_date': '2011-07-11 19:37:45'}, {'nid': '1590119', 'pub_date': '2012-08-01 15:23:59'}, {'nid': '1536139', 'pub_date': '2012-06-11 11:56:23'}, {'nid': '1509453', 'pub_date': '2012-05-07 13:15:34'}]",8.6亿
68,5105028,泡泡的茶壶,"[{'nid': '7555448', 'pub_date': '2022-12-16 22:05:00'}, {'nid': '7311256', 'pub_date': '2022-09-02 10:25:01'}]",4616万
265,4568429,给我一把剑,"[{'nid': '7577902', 'pub_date': '2023-01-24 00:00:00'}, {'nid': '7534606', 'pub_date': '2022-12-30 18:00:00'}, {'nid': '7482479', 'pub_date': '2022-11-30 10:52:04'}, {'nid': '7350639', 'pub_date': '2022-09-17 14:26:50'}, {'nid': '7016548', 'pub_date': '2022-10-23 18:07:00'}, {'nid': '6973832', 'pub_date': '2022-06-13 14:37:45'}, {'nid': '6656846', 'pub_date': '2022-03-15 16:08:57'}, {'nid': '6888981', 'pub_date': '2022-05-17 11:19:34'}, {'nid': '6634113', 'pub_date': '2022-09-09 00:27:46'}, {'nid': '6624562', 'pub_date': '2022-03-05 11:33:13'}]",1.8亿
11932,1336119,山有嘉卉,"[{'nid': '4034662', 'pub_date': '2019-07-07 19:46:00'}, {'nid': '4278042', 'pub_date': '2019-10-03 21:01:00'}, {'nid': '4310443', 'pub_date': '2020-01-25 12:01:00'}, {'nid': '5150644', 'pub_date': '2021-04-20 21:00:00'}, {'nid': '4864793', 'pub_date': '2021-01-14 21:00:00'}, {'nid': '3671904', 'pub_date': '2018-10-10 19:00:00'}, {'nid': '2694828', 'pub_date': '2016-03-01 18:09:00'}, {'nid': '4010921', 'pub_date': '2019-01-27 19:13:05'}, {'nid': '5993642', 'pub_date': '2022-07-20 21:00:00'}, {'nid': '5337135', 'pub_date': '2022-11-01 21:00:00'}, {'nid': '6087829', 'pub_date': '2022-02-09 21:00:00'}, {'nid': '5901547', 'pub_date': '2023-01-25 21:00:00'}, {'nid': '5689627', 'pub_date': '2022-05-03 21:00:00'}, {'nid': '5401127', 'pub_date': '2021-11-23 21:00:00'}, {'nid': '5316057', 'pub_date': '2021-09-15 21:00:00'}, {'nid': '4941355', 'pub_date': '2021-07-14 21:00:00'}, {'nid': '4884616', 'pub_date': '2021-03-10 21:00:00'}, {'nid': '4717305', 'pub_date': '2020-11-12 21:00:00'}, {'nid': '4471509', 'pub_date': '2020-08-25 21:00:00'}, {'nid': '4419670', 'pub_date': '2020-03-09 12:01:00'}, {'nid': '4077771', 'pub_date': '2020-06-03 12:00:00'}, {'nid': '4003929', 'pub_date': '2019-04-17 19:20:00'}, {'nid': '2566665', 'pub_date': '2015-10-02 18:05:01'}, {'nid': '2480672', 'pub_date': '2015-06-18 15:57:57'}, {'nid': '3107039', 'pub_date': '2017-05-12 00:41:00'}, {'nid': '3279858', 'pub_date': '2017-12-30 09:00:00'}, {'nid': '3512919', 'pub_date': '2018-05-20 02:00:00'}, {'nid': '3953646', 'pub_date': '2019-01-20 21:50:00'}, {'nid': '2405086', 'pub_date': '2015-03-12 18:00:03'}, {'nid': '2272625', 'pub_date': '2014-11-20 18:00:02'}, {'nid': '2982450', 'pub_date': '2016-11-19 19:00:00'}]",31.6亿
367,3113878,风析木,"[{'nid': '7369345', 'pub_date': '2023-01-10 21:00:00'}, {'nid': '4889782', 'pub_date': '2023-01-07 23:50:00'}, {'nid': '6410777', 'pub_date': '2022-01-19 00:03:17'}, {'nid': '5404004', 'pub_date': '2021-02-19 06:00:00'}, {'nid': '4876766', 'pub_date': '2020-05-31 20:46:33'}, {'nid': '4889690', 'pub_date': '2021-12-01 21:00:00'}]",2亿
70,5138647,无倦河山,"[{'nid': '7538841', 'pub_date': '2023-01-11 12:08:08'}, {'nid': '7491271', 'pub_date': '2022-11-02 18:00:00'}]",6247.9万
108,2221234,疯语人,"[{'nid': '7659160', 'pub_date': '2022-12-30 17:00:00'}, {'nid': '3514916', 'pub_date': '2018-03-05 17:55:20'}]",5336.9万
460,4129069,小山亭,"[{'nid': '7608537', 'pub_date': '2023-02-07 14:41:07'}, {'nid': '6679631', 'pub_date': '2022-06-20 18:00:00'}, {'nid': '6453418', 'pub_date': '2023-01-12 11:00:00'}, {'nid': '7788945', 'pub_date': '2023-02-07 19:01:05'}, {'nid': '6028310', 'pub_date': '2022-02-28 12:00:00'}, {'nid': '6453512', 'pub_date': '2022-01-10 21:14:15'}, {'nid': '6274121', 'pub_date': '2022-11-26 22:41:09'}, {'nid': '6159038', 'pub_date': '2021-11-20 08:13:28'}, {'nid': '6027143', 'pub_date': '2021-07-29 17:37:04'}, {'nid': '6028793', 'pub_date': '2021-07-30 15:09:12'}, {'nid': '6028335', 'pub_date': '2022-04-04 18:04:05'}, {'nid': '6027255', 'pub_date': '2022-09-20 15:00:59'}]",2.2亿
11,4581409,陌凉笙,"[{'nid': '7409560', 'pub_date': '2022-10-04 02:05:01'}]",2080.4万
74,4823013,张部尚书,"[{'nid': '7000806', 'pub_date': '2023-01-09 13:00:00'}, {'nid': '7000774', 'pub_date': '2022-10-01 12:00:00'}, {'nid': '6952382', 'pub_date': '2022-06-07 11:15:21'}]",3130.1万
585,2277172,炉香微醺,"[{'nid': '7090803', 'pub_date': '2022-09-18 00:26:55'}, {'nid': '7023205', 'pub_date': '2022-06-27 15:08:09'}, {'nid': '6796516', 'pub_date': '2023-01-05 16:10:12'}, {'nid': '6262307', 'pub_date': '2021-10-24 18:00:00'}, {'nid': '6254479', 'pub_date': '2022-04-11 00:05:41'}, {'nid': '6111946', 'pub_date': '2022-01-28 20:05:05'}, {'nid': '6044727', 'pub_date': '2021-08-03 00:00:00'}, {'nid': '5631707', 'pub_date': '2021-03-26 14:08:54'}, {'nid': '7203199', 'pub_date': '2022-09-30 20:00:12'}, {'nid': '6863328', 'pub_date': '2022-05-09 18:57:44'}, {'nid': '6318749', 'pub_date': '2022-03-07 18:00:15'}, {'nid': '6206751', 'pub_date': '2021-09-19 16:26:49'}, {'nid': '6346251', 'pub_date': '2022-01-01 18:30:46'}, {'nid': '4035754', 'pub_date': '2019-02-14 16:57:13'}, {'nid': '4892081', 'pub_date': '2020-06-07 11:44:02'}, {'nid': '4318718', 'pub_date': '2019-08-20 10:05:15'}, {'nid': '6098997', 'pub_date': '2021-08-16 13:00:00'}, {'nid': '4370256', 'pub_date': '2019-09-30 20:25:34'}, {'nid': '3928958', 'pub_date': '2018-11-16 12:33:46'}, {'nid': '6370755', 'pub_date': '2021-12-04 22:47:26'}, {'nid': '6266941', 'pub_date': '2021-10-15 15:30:46'}, {'nid': '3623854', 'pub_date': '2018-06-18 13:37:13'}]",2.3亿
319,927011,莫千年,"[{'nid': '7207646', 'pub_date': '2023-01-10 13:00:01'}, {'nid': '6886141', 'pub_date': '2022-05-22 14:11:31'}, {'nid': '1671608', 'pub_date': '2012-11-26 09:10:02'}, {'nid': '1740194', 'pub_date': '2013-02-24 14:18:09'}, {'nid': '1900677', 'pub_date': '2013-08-28 11:33:17'}, {'nid': '1739758', 'pub_date': '2013-02-23 22:41:35'}]",1.6亿
655,4752065,Exilefour,"[{'nid': '7669180', 'pub_date': '2023-01-02 22:40:54'}, {'nid': '6955403', 'pub_date': '2022-06-08 21:35:45'}, {'nid': '6853141', 'pub_date': '2022-05-06 19:53:13'}, {'nid': '7610890', 'pub_date': '2022-12-20 15:22:50'}, {'nid': '7569829', 'pub_date': '2022-11-30 21:47:12'}, {'nid': '7731564', 'pub_date': '2023-01-20 20:12:24'}]",1.6亿
163,4508925,酒火樱桃,"[{'nid': '6836941', 'pub_date': '2022-09-21 12:00:00'}, {'nid': '6601937', 'pub_date': '2022-02-25 14:23:14'}, {'nid': '6789926', 'pub_date': '2022-04-21 12:00:00'}]",8493.4万
185,4361937,轻t,"[{'nid': '7399172', 'pub_date': '2023-01-11 23:00:15'}, {'nid': '7252947', 'pub_date': '2022-09-06 21:00:00'}, {'nid': '6739520', 'pub_date': '2022-04-13 21:00:01'}]",1亿
118357,1761357,睡芒,"[{'nid': '6413760', 'pub_date': '2023-01-21 03:33:33'}, {'nid': '5729037', 'pub_date': '2021-12-12 18:03:33'}, {'nid': '4457909', 'pub_date': '2020-08-16 00:00:00'}, {'nid': '4097208', 'pub_date': '2019-10-16 12:00:00'}, {'nid': '3858458', 'pub_date': '2019-05-05 00:00:08'}, {'nid': '3677346', 'pub_date': '2018-10-27 09:00:00'}, {'nid': '3648363', 'pub_date': '2020-01-31 00:19:33'}, {'nid': '3052012', 'pub_date': '2021-07-12 08:00:00'}, {'nid': '2869675', 'pub_date': '2018-06-19 09:00:00'}, {'nid': '7002952', 'pub_date': '2022-07-06 13:40:00'}, {'nid': '6943317', 'pub_date': '2022-06-08 05:30:00'}, {'nid': '5298798', 'pub_date': '2021-04-15 18:30:03'}, {'nid': '3952239', 'pub_date': '2019-02-09 08:00:00'}, {'nid': '3393584', 'pub_date': '2017-12-20 12:00:00'}, {'nid': '3244562', 'pub_date': '2017-08-22 12:00:00'}, {'nid': '3158150', 'pub_date': '2017-04-25 20:30:00'}, {'nid': '6580805', 'pub_date': '2022-04-29 01:23:45'}, {'nid': '2917385', 'pub_date': '2016-12-26 20:35:00'}, {'nid': '3596997', 'pub_date': '2019-03-16 00:00:25'}, {'nid': '3527458', 'pub_date': '2018-04-03 01:55:37'}, {'nid': '6887048', 'pub_date': '2022-08-07 13:55:09'}, {'nid': '2791183', 'pub_date': '2016-08-08 20:35:00'}, {'nid': '2765631', 'pub_date': '2016-05-10 20:35:00'}]",516.5亿
32,2527507,天韵五歌,"[{'nid': '6181790', 'pub_date': '2021-09-09 19:45:00'}]",4902.5万
207,4419916,什司,"[{'nid': '6816177', 'pub_date': '2022-12-31 09:00:00'}, {'nid': '6513718', 'pub_date': '2022-01-30 00:00:00'}]",6171.4万
323,3149202,酥鲫鱼,"[{'nid': '5344889', 'pub_date': '2023-01-05 00:00:00'}, {'nid': '5142498', 'pub_date': '2021-01-11 21:00:00'}, {'nid': '4923260', 'pub_date': '2020-06-21 17:43:27'}]",1.4亿
87,5387049,易长书,"[{'nid': '7691671', 'pub_date': '2023-01-09 09:01:24'}]",9017.4万
270,1250224,塬,"[{'nid': '7291840', 'pub_date': '2023-01-03 22:09:48'}, {'nid': '7332684', 'pub_date': '2022-12-04 00:00:00'}, {'nid': '7328286', 'pub_date': '2022-09-10 09:00:00'}, {'nid': '3007765', 'pub_date': '2016-11-30 14:02:12'}]",1.8亿
634,3504388,再来两坛酒,"[{'nid': '6542305', 'pub_date': '2022-11-13 23:28:00'}, {'nid': '5961650', 'pub_date': '2023-01-15 15:00:00'}, {'nid': '6180988', 'pub_date': '2022-04-28 15:00:00'}, {'nid': '6168362', 'pub_date': '2022-02-01 09:00:00'}, {'nid': '5954908', 'pub_date': '2022-08-05 17:00:00'}, {'nid': '5798143', 'pub_date': '2021-12-01 00:00:00'}, {'nid': '5767689', 'pub_date': '2021-06-20 22:00:00'}, {'nid': '5338092', 'pub_date': '2020-12-15 18:00:00'}]",4.2亿
37,5198017,见星帘,"[{'nid': '7443939', 'pub_date': '2023-02-01 20:23:21'}]",666.9万
134,2652661,门庆姓西,"[{'nid': '7384871', 'pub_date': '2022-12-07 22:00:00'}, {'nid': '4388848', 'pub_date': '2019-10-16 18:00:01'}, {'nid': '4368730', 'pub_date': '2019-09-29 08:15:50'}]",7895万
1272,2084321,行道,"[{'nid': '7306697', 'pub_date': '2022-09-12 10:10:10'}, {'nid': '6285927', 'pub_date': '2022-08-29 21:00:00'}, {'nid': '6569996', 'pub_date': '2022-04-17 18:00:00'}, {'nid': '3880371', 'pub_date': '2019-07-30 00:00:01'}, {'nid': '3568052', 'pub_date': '2018-07-26 00:40:00'}, {'nid': '5858263', 'pub_date': '2021-06-19 09:00:00'}, {'nid': '3939374', 'pub_date': '2019-10-14 21:00:00'}, {'nid': '3918486', 'pub_date': '2019-05-15 18:00:01'}, {'nid': '4144714', 'pub_date': '2021-02-12 09:00:01'}, {'nid': '3562211', 'pub_date': '2018-11-21 00:00:00'}, {'nid': '6056579', 'pub_date': '2022-01-16 12:00:00'}, {'nid': '4584989', 'pub_date': '2020-06-21 21:00:01'}, {'nid': '4449918', 'pub_date': '2020-02-17 00:00:01'}, {'nid': '4442786', 'pub_date': '2019-12-23 00:01:01'}, {'nid': '3752581', 'pub_date': '2018-11-28 21:00:01'}, {'nid': '3295360', 'pub_date': '2017-08-06 14:34:44'}, {'nid': '4301315', 'pub_date': '2019-11-09 22:00:00'}, {'nid': '4329835', 'pub_date': '2019-08-27 12:33:20'}, {'nid': '4130515', 'pub_date': '2019-04-23 10:29:38'}, {'nid': '3975703', 'pub_date': '2019-01-01 05:52:30'}, {'nid': '3879206', 'pub_date': '2018-09-28 09:19:01'}, {'nid': '3450744', 'pub_date': '2018-01-07 02:24:43'}, {'nid': '3364673', 'pub_date': '2017-10-03 01:53:46'}, {'nid': '3359720', 'pub_date': '2017-09-27 08:32:36'}, {'nid': '3359458', 'pub_date': '2017-09-26 21:27:16'}, {'nid': '3358039', 'pub_date': '2017-09-25 08:04:32'}, {'nid': '3354960', 'pub_date': '2017-09-22 08:29:57'}, {'nid': '3327061', 'pub_date': '2017-08-24 14:45:54'}, {'nid': '6141465', 'pub_date': '2021-10-21 01:00:00'}, {'nid': '5589143', 'pub_date': '2022-02-03 12:00:00'}]",5.7亿
693,3816957,寒光里,"[{'nid': '6396093', 'pub_date': '2023-01-22 00:45:00'}, {'nid': '6321978', 'pub_date': '2021-11-14 18:00:00'}, {'nid': '5678414', 'pub_date': '2021-04-09 00:06:08'}, {'nid': '5828376', 'pub_date': '2022-05-29 00:00:00'}]",2.1亿
8,5392593,养猫的鸽子,"[{'nid': '7699596', 'pub_date': '2023-01-11 15:18:57'}]",1699.7万
72,949671,想吃鱼的喵喵,"[{'nid': '4728837', 'pub_date': '2020-04-08 20:55:58'}, {'nid': '2730369', 'pub_date': '2016-04-05 00:17:51'}, {'nid': '1709507', 'pub_date': '2013-01-23 00:43:47'}, {'nid': '7665362', 'pub_date': '2023-01-01 18:54:59'}, {'nid': '7490334', 'pub_date': '2022-11-01 23:31:12'}]",7636万
185,1899383,孤雏,"[{'nid': '6596003', 'pub_date': '2022-02-22 23:51:02'}, {'nid': '6739486', 'pub_date': '2022-05-07 18:00:00'}, {'nid': '7311579', 'pub_date': '2023-01-25 00:00:00'}, {'nid': '7733304', 'pub_date': '2023-02-05 09:00:00'}, {'nid': '7733314', 'pub_date': '2023-02-05 20:10:00'}, {'nid': '4828466', 'pub_date': '2020-05-13 11:29:33'}, {'nid': '6160388', 'pub_date': '2021-09-01 09:00:00'}, {'nid': '5039810', 'pub_date': '2020-08-20 03:00:00'}, {'nid': '4878471', 'pub_date': '2020-06-01 14:53:56'}]",1.7亿
14,5323608,沉缄,"[{'nid': '7603754', 'pub_date': '2023-01-23 18:00:00'}, {'nid': '7603696', 'pub_date': '2022-12-12 22:25:30'}]",1346.5万
96,2671159,桂花榴莲酥,"[{'nid': '6215762', 'pub_date': '2021-10-25 18:00:00'}, {'nid': '4552867', 'pub_date': '2020-02-20 18:00:01'}, {'nid': '4552828', 'pub_date': '2021-10-30 15:00:01'}]",3071.9万
6,5321652,予树晚歌,"[{'nid': '7657789', 'pub_date': '2022-12-30 21:00:00'}, {'nid': '7599733', 'pub_date': '2022-12-10 21:25:47'}]",1616.9万
3914,1333649,云墨画,"[{'nid': '2547318', 'pub_date': '2016-10-23 19:06:00'}, {'nid': '3434439', 'pub_date': '2023-01-12 22:55:09'}, {'nid': '4801460', 'pub_date': '2020-12-19 00:26:01'}, {'nid': '2974406', 'pub_date': '2016-11-05 17:59:55'}, {'nid': '2397269', 'pub_date': '2015-02-26 18:30:43'}, {'nid': '5812357', 'pub_date': '2021-05-27 04:04:09'}]",11.2亿
541,3574592,将欲晚,"[{'nid': '6343587', 'pub_date': '2023-01-27 22:40:00'}, {'nid': '5787409', 'pub_date': '2022-02-01 09:00:00'}, {'nid': '6250173', 'pub_date': '2022-06-14 12:01:00'}, {'nid': '5476226', 'pub_date': '2021-09-14 21:00:01'}, {'nid': '5430042', 'pub_date': '2021-04-13 12:00:00'}, {'nid': '5401797', 'pub_date': '2021-01-07 14:43:30'}]",3亿
27,5234927,海洋味的鱼,"[{'nid': '7550355', 'pub_date': '2022-11-23 21:08:23'}, {'nid': '7477774', 'pub_date': '2022-10-28 19:22:40'}]",2913.3万
1747,2290240,白霭星,"[{'nid': '6659112', 'pub_date': '2023-01-13 09:00:00'}, {'nid': '6623607', 'pub_date': '2022-10-12 21:00:00'}, {'nid': '5331032', 'pub_date': '2021-12-20 06:00:01'}, {'nid': '3650412', 'pub_date': '2018-07-09 09:38:20'}, {'nid': '3729041', 'pub_date': '2019-02-28 18:00:01'}, {'nid': '4364003', 'pub_date': '2021-05-19 00:00:00'}, {'nid': '3702323', 'pub_date': '2018-11-19 18:00:01'}, {'nid': '5793361', 'pub_date': '2022-02-21 00:00:01'}, {'nid': '6044568', 'pub_date': '2022-08-02 12:00:00'}, {'nid': '4161814', 'pub_date': '2019-09-10 00:00:01'}, {'nid': '4327145', 'pub_date': '2020-11-25 00:00:01'}, {'nid': '4020304', 'pub_date': '2019-06-16 00:00:01'}]",7.3亿
45,3796927,鱼绯骨,"[{'nid': '6562592', 'pub_date': '2022-06-06 03:03:03'}, {'nid': '6395368', 'pub_date': '2021-12-17 02:02:02'}, {'nid': '6084410', 'pub_date': '2021-08-18 01:01:01'}]",5073.6万
109,4597276,十肆兜,"[{'nid': '6925708', 'pub_date': '2022-06-12 21:00:00'}, {'nid': '6715980', 'pub_date': '2022-10-10 12:00:00'}, {'nid': '6662385', 'pub_date': '2022-03-22 22:22:22'}]",1亿
552,3985004,君见月,"[{'nid': '6096968', 'pub_date': '2022-10-31 15:00:00'}, {'nid': '6228667', 'pub_date': '2021-09-28 00:05:18'}, {'nid': '6191411', 'pub_date': '2022-05-02 00:00:00'}, {'nid': '5941595', 'pub_date': '2021-07-13 00:00:15'}, {'nid': '6237572', 'pub_date': '2021-10-05 00:00:30'}, {'nid': '5889255', 'pub_date': '2021-06-23 00:00:00'}]",2亿
85,855656,玖颜,"[{'nid': '7388631', 'pub_date': '2023-01-02 21:00:00'}, {'nid': '7344807', 'pub_date': '2022-09-12 11:52:16'}, {'nid': '2652935', 'pub_date': '2016-01-14 21:29:48'}, {'nid': '2762237', 'pub_date': '2016-06-27 20:00:00'}, {'nid': '2681414', 'pub_date': '2016-03-01 23:00:00'}, {'nid': '2899808', 'pub_date': '2018-01-29 19:00:00'}, {'nid': '2830271', 'pub_date': '2016-07-02 19:50:57'}, {'nid': '2716032', 'pub_date': '2016-03-20 11:01:46'}, {'nid': '2122409', 'pub_date': '2014-05-10 21:43:35'}, {'nid': '1544995', 'pub_date': '2012-06-20 02:05:44'}]",1.1亿
39,5378505,奶油炸糕,"[{'nid': '7678410', 'pub_date': '2023-01-05 21:00:01'}]",3264万
29103,1833352,宋玖槿,"[{'nid': '3832581', 'pub_date': '2023-01-15 21:05:00'}, {'nid': '3902002', 'pub_date': '2022-08-08 21:06:00'}, {'nid': '3952146', 'pub_date': '2021-04-12 21:05:00'}, {'nid': '3952151', 'pub_date': '2020-11-15 10:00:00'}, {'nid': '3901999', 'pub_date': '2020-06-01 09:05:00'}, {'nid': '3406082', 'pub_date': '2019-09-15 10:00:00'}, {'nid': '3981860', 'pub_date': '2022-02-26 09:05:00'}, {'nid': '3853145', 'pub_date': '2020-02-29 12:00:00'}, {'nid': '5098917', 'pub_date': '2020-08-17 04:45:53'}, {'nid': '2973014', 'pub_date': '2017-11-06 09:00:00'}, {'nid': '2867991', 'pub_date': '2018-05-02 08:00:00'}, {'nid': '3451989', 'pub_date': '2018-11-26 08:00:00'}, {'nid': '3452894', 'pub_date': '2019-03-18 21:02:41'}, {'nid': '3452844', 'pub_date': '2018-08-21 10:00:00'}, {'nid': '2937581', 'pub_date': '2017-06-15 09:00:00'}, {'nid': '2937576', 'pub_date': '2017-09-16 09:00:00'}, {'nid': '2844931', 'pub_date': '2017-04-12 08:00:00'}, {'nid': '2828757', 'pub_date': '2016-08-26 22:30:00'}, {'nid': '3568000', 'pub_date': '2019-02-25 10:00:00'}, {'nid': '2822927', 'pub_date': '2016-06-28 17:50:00'}, {'nid': '2828764', 'pub_date': '2016-12-15 19:00:00'}, {'nid': '2963453', 'pub_date': '2016-10-23 12:14:00'}]",65.7亿
46533,368809,夜蔓,"[{'nid': '6023426', 'pub_date': '2023-01-23 12:40:24'}, {'nid': '3124340', 'pub_date': '2018-01-01 10:00:00'}, {'nid': '3385613', 'pub_date': '2018-05-29 10:00:00'}, {'nid': '6058952', 'pub_date': '2022-03-07 10:00:00'}, {'nid': '5111164', 'pub_date': '2021-07-10 10:00:00'}, {'nid': '3981080', 'pub_date': '2019-11-12 10:00:00'}, {'nid': '3879735', 'pub_date': '2019-04-29 10:00:00'}, {'nid': '3571607', 'pub_date': '2018-12-25 10:00:00'}, {'nid': '4608654', 'pub_date': '2020-08-01 18:00:00'}, {'nid': '4520346', 'pub_date': '2020-02-17 12:00:00'}, {'nid': '3044583', 'pub_date': '2017-06-13 10:10:00'}, {'nid': '2978774', 'pub_date': '2016-12-04 12:18:00'}, {'nid': '2814092', 'pub_date': '2016-08-21 10:00:00'}, {'nid': '2316548', 'pub_date': '2014-12-14 00:00:45'}, {'nid': '2397939', 'pub_date': '2015-03-24 10:10:04'}, {'nid': '2510451', 'pub_date': '2015-08-23 09:10:05'}, {'nid': '2138720', 'pub_date': '2014-06-15 19:05:05'}, {'nid': '1980942', 'pub_date': '2014-02-06 10:10:08'}, {'nid': '1948194', 'pub_date': '2013-10-27 13:43:43'}, {'nid': '1811201', 'pub_date': '2013-06-05 05:43:57'}, {'nid': '1755068', 'pub_date': '2013-03-17 08:48:01'}, {'nid': '1607072', 'pub_date': '2012-08-19 08:03:48'}, {'nid': '1517925', 'pub_date': '2012-05-19 08:42:52'}, {'nid': '1245514', 'pub_date': '2011-07-14 23:15:31'}, {'nid': '1192267', 'pub_date': '2011-05-13 12:23:27'}, {'nid': '2619610', 'pub_date': '2015-12-20 13:00:01'}, {'nid': '2206425', 'pub_date': '2014-10-25 12:00:05'}, {'nid': '1978739', 'pub_date': '2014-05-03 12:05:08'}, {'nid': '1886693', 'pub_date': '2013-08-13 19:37:55'}, {'nid': '1697318', 'pub_date': '2013-01-06 10:05:04'}]",203.8亿
116,4553323,橙子冰茶,"[{'nid': '7057503', 'pub_date': '2022-11-15 18:00:00'}, {'nid': '6752053', 'pub_date': '2022-07-05 18:00:00'}, {'nid': '6604376', 'pub_date': '2022-02-26 12:00:00'}]",6902.5万
3961,2748630,兔子店长,"[{'nid': '6502901', 'pub_date': '2022-01-25 17:51:01'}, {'nid': '6635220', 'pub_date': '2023-01-15 21:00:25'}]",15.6亿
4452,2004165,禁庭春昼,"[{'nid': '7032718', 'pub_date': '2023-01-09 12:00:00'}, {'nid': '6995661', 'pub_date': '2022-10-03 12:00:00'}, {'nid': '6494618', 'pub_date': '2022-05-02 12:00:00'}, {'nid': '4189706', 'pub_date': '2021-08-09 12:00:00'}, {'nid': '5048612', 'pub_date': '2020-08-08 22:00:00'}, {'nid': '4235763', 'pub_date': '2020-06-30 00:00:01'}, {'nid': '4165936', 'pub_date': '2020-01-13 09:00:01'}, {'nid': '4064420', 'pub_date': '2019-07-30 00:00:01'}, {'nid': '3569024', 'pub_date': '2018-08-23 14:11:12'}, {'nid': '5519908', 'pub_date': '2021-02-15 13:26:21'}, {'nid': '4282261', 'pub_date': '2019-08-01 18:00:01'}, {'nid': '3966900', 'pub_date': '2019-02-01 20:02:01'}, {'nid': '4152235', 'pub_date': '2019-05-09 23:05:49'}, {'nid': '4064167', 'pub_date': '2019-03-05 19:28:46'}, {'nid': '3246353', 'pub_date': '2017-07-02 23:00:26'}]",29.3亿
235949,48075,颜凉雨,"[{'nid': '6750244', 'pub_date': '2023-01-17 12:00:00'}, {'nid': '5740631', 'pub_date': '2022-03-24 12:00:00'}, {'nid': '5162523', 'pub_date': '2021-03-13 19:00:00'}, {'nid': '3890257', 'pub_date': '2020-07-29 11:56:00'}, {'nid': '3946333', 'pub_date': '2019-05-07 10:00:00'}, {'nid': '3522884', 'pub_date': '2018-06-15 19:00:00'}, {'nid': '3194253', 'pub_date': '2017-06-17 12:00:00'}, {'nid': '2995809', 'pub_date': '2017-01-01 02:25:00'}, {'nid': '1699483', 'pub_date': '2013-01-09 15:59:53'}, {'nid': '1480786', 'pub_date': '2012-03-31 19:22:09'}, {'nid': '1262547', 'pub_date': '2011-07-30 21:19:09'}, {'nid': '880027', 'pub_date': '2010-09-11 16:24:29'}, {'nid': '467026', 'pub_date': '2009-04-20 08:58:37'}, {'nid': '414144', 'pub_date': '2008-12-28 15:36:55'}, {'nid': '321443', 'pub_date': '2008-05-17 16:05:00'}, {'nid': '2516013', 'pub_date': '2015-07-24 22:34:05'}, {'nid': '1199143', 'pub_date': '2011-05-22 13:30:03'}, {'nid': '506906', 'pub_date': '2009-07-05 18:02:20'}, {'nid': '469412', 'pub_date': '2009-04-25 21:43:37'}, {'nid': '433746', 'pub_date': '2009-02-05 16:11:57'}, {'nid': '2873708', 'pub_date': '2016-08-03 16:16:00'}, {'nid': '582026', 'pub_date': '2009-10-14 14:10:03'}, {'nid': '3447810', 'pub_date': '2018-01-24 10:00:00'}, {'nid': '3119523', 'pub_date': '2017-03-06 10:58:52'}, {'nid': '2606011', 'pub_date': '2015-11-12 22:47:39'}, {'nid': '486885', 'pub_date': '2009-05-31 22:28:35'}, {'nid': '313760', 'pub_date': '2008-04-22 16:04:54'}, {'nid': '298819', 'pub_date': '2008-03-08 12:48:25'}, {'nid': '173394', 'pub_date': '2007-03-04 11:31:58'}, {'nid': '635072', 'pub_date': '2010-01-12 14:31:02'}, {'nid': '60066', 'pub_date': '2005-09-21 11:51:42'}, {'nid': '66071', 'pub_date': '2005-11-05 09:55:42'}]",760亿
24,5313830,红薯粉条,"[{'nid': '7602342', 'pub_date': '2022-12-11 20:48:00'}, {'nid': '7588488', 'pub_date': '2022-12-06 18:06:35'}]",2777.7万
2504,3857523,顾西子,"[{'nid': '7560994', 'pub_date': '2023-01-15 00:00:00'}, {'nid': '7090516', 'pub_date': '2022-11-14 12:00:00'}, {'nid': '6279339', 'pub_date': '2022-02-03 15:00:00'}, {'nid': '6123909', 'pub_date': '2021-10-27 00:00:00'}, {'nid': '5838892', 'pub_date': '2021-08-22 00:00:00'}, {'nid': '5767707', 'pub_date': '2021-05-10 18:00:00'}, {'nid': '5715329', 'pub_date': '2021-04-21 18:39:54'}, {'nid': '5697277', 'pub_date': '2021-04-15 19:27:12'}]",7.8亿
69,4127352,阿羊想吃肉,"[{'nid': '7667990', 'pub_date': '2023-02-10 14:32:45'}, {'nid': '7637377', 'pub_date': '2022-12-29 18:00:00'}, {'nid': '6241351', 'pub_date': '2021-10-03 00:16:11'}]",4483.9万
126,2071502,既见君子云胡不喜,"[{'nid': '4938209', 'pub_date': '2022-10-08 20:26:59'}, {'nid': '4545493', 'pub_date': '2020-02-13 18:12:56'}, {'nid': '3718671', 'pub_date': '2018-08-12 07:56:06'}, {'nid': '3348878', 'pub_date': '2018-01-19 20:58:17'}, {'nid': '7549405', 'pub_date': '2023-01-05 18:00:00'}, {'nid': '5955820', 'pub_date': '2021-07-11 18:40:17'}, {'nid': '3268934', 'pub_date': '2017-07-18 19:24:41'}, {'nid': '3283241', 'pub_date': '2017-07-28 19:38:29'}]",1.1亿
2043,3361208,乔燕,"[{'nid': '6539803', 'pub_date': '2022-12-23 21:00:01'}, {'nid': '5604761', 'pub_date': '2023-01-23 00:00:01'}, {'nid': '5539764', 'pub_date': '2021-07-26 00:00:01'}, {'nid': '5347742', 'pub_date': '2021-03-15 00:00:01'}, {'nid': '5193047', 'pub_date': '2020-12-27 21:00:01'}, {'nid': '5233102', 'pub_date': '2022-03-16 00:00:00'}, {'nid': '5154385', 'pub_date': '2020-09-06 06:35:24'}, {'nid': '5980606', 'pub_date': '2021-11-30 00:00:00'}, {'nid': '5177576', 'pub_date': '2021-04-13 00:00:01'}, {'nid': '5192981', 'pub_date': '2022-02-07 00:00:01'}, {'nid': '5179109', 'pub_date': '2020-09-18 17:38:58'}, {'nid': '5155508', 'pub_date': '2020-09-06 18:00:01'}]",9.8亿
1538,1380444,渣三快住手,"[{'nid': '3866891', 'pub_date': '2018-09-16 07:36:16'}, {'nid': '5376183', 'pub_date': '2022-01-25 11:11:11'}, {'nid': '3647435', 'pub_date': '2019-04-03 10:00:00'}, {'nid': '2393242', 'pub_date': '2015-02-22 21:55:04'}, {'nid': '3046346', 'pub_date': '2017-01-06 19:36:45'}, {'nid': '2978920', 'pub_date': '2017-02-12 09:00:00'}, {'nid': '2874351', 'pub_date': '2016-10-10 09:00:00'}, {'nid': '2735719', 'pub_date': '2016-04-11 00:42:23'}, {'nid': '2310219', 'pub_date': '2014-12-01 03:18:55'}, {'nid': '2932905', 'pub_date': '2016-09-19 22:02:35'}, {'nid': '3395725', 'pub_date': '2018-06-28 02:00:00'}, {'nid': '3088743', 'pub_date': '2017-04-01 09:00:00'}]",4.6亿
1194,4428163,岁岁无恙,"[{'nid': '6709632', 'pub_date': '2023-01-29 14:18:18'}, {'nid': '6461620', 'pub_date': '2022-07-05 21:00:00'}, {'nid': '6444913', 'pub_date': '2022-01-07 21:00:00'}]",6.2亿
23,4695894,清酒微醺,"[{'nid': '7296962', 'pub_date': '2023-01-06 23:55:30'}, {'nid': '6787696', 'pub_date': '2022-04-19 14:06:38'}, {'nid': '6811796', 'pub_date': '2022-04-26 13:54:21'}]",2834.6万
6020,2705196,晓鱼干,"[{'nid': '7555904', 'pub_date': '2023-02-03 22:40:00'}, {'nid': '7161445', 'pub_date': '2022-07-29 10:48:58'}, {'nid': '7002531', 'pub_date': '2022-06-21 21:22:16'}, {'nid': '4972602', 'pub_date': '2020-07-10 23:27:05'}, {'nid': '7523649', 'pub_date': '2022-11-13 22:39:11'}, {'nid': '5869833', 'pub_date': '2021-06-16 16:25:18'}, {'nid': '4959548', 'pub_date': '2020-07-06 23:57:38'}, {'nid': '6621189', 'pub_date': '2022-03-04 09:28:09'}, {'nid': '6264822', 'pub_date': '2021-10-14 11:19:17'}, {'nid': '6271312', 'pub_date': '2021-10-17 10:39:13'}, {'nid': '7067242', 'pub_date': '2022-07-08 11:00:35'}, {'nid': '6264777', 'pub_date': '2021-10-14 10:55:04'}, {'nid': '6621184', 'pub_date': '2022-03-04 09:23:09'}, {'nid': '6272644', 'pub_date': '2021-10-17 20:32:30'}, {'nid': '4714393', 'pub_date': '2020-04-04 14:48:47'}, {'nid': '4829859', 'pub_date': '2020-05-13 21:46:11'}, {'nid': '5715768', 'pub_date': '2021-04-21 21:23:22'}, {'nid': '5743701', 'pub_date': '2021-05-01 21:42:07'}, {'nid': '4625185', 'pub_date': '2020-03-09 12:47:42'}, {'nid': '5565204', 'pub_date': '2021-02-28 22:10:20'}, {'nid': '4824494', 'pub_date': '2020-05-11 17:31:26'}, {'nid': '4697680', 'pub_date': '2020-03-30 09:51:49'}, {'nid': '4936661', 'pub_date': '2020-06-27 10:31:50'}, {'nid': '4945390', 'pub_date': '2020-07-01 08:17:35'}, {'nid': '4708423', 'pub_date': '2020-04-02 16:20:23'}, {'nid': '4722374', 'pub_date': '2020-04-06 22:25:47'}, {'nid': '4474307', 'pub_date': '2019-12-29 20:52:27'}, {'nid': '5016526', 'pub_date': '2020-07-22 19:42:48'}, {'nid': '4946991', 'pub_date': '2020-07-01 22:31:01'}, {'nid': '6764584', 'pub_date': '2022-04-12 23:41:39'}]",27.7亿
313,3123788,栗子杲杲,"[{'nid': '4881434', 'pub_date': '2020-06-02 20:32:19'}, {'nid': '7548355', 'pub_date': '2023-01-17 16:30:00'}, {'nid': '7164675', 'pub_date': '2023-01-17 15:07:00'}, {'nid': '7025460', 'pub_date': '2022-07-04 22:10:38'}, {'nid': '5137527', 'pub_date': '2020-09-15 00:00:00'}]",1.4亿
39,4581638,笔墨了生死,"[{'nid': '7659225', 'pub_date': '2023-01-08 21:00:00'}, {'nid': '7238260', 'pub_date': '2022-10-08 18:00:00'}, {'nid': '6645724', 'pub_date': '2022-04-08 21:40:50'}]",2758.1万
2427,1561746,简梨,"[{'nid': '7208451', 'pub_date': '2023-01-01 08:00:00'}, {'nid': '5481054', 'pub_date': '2022-07-16 08:00:00'}, {'nid': '4339402', 'pub_date': '2019-12-16 08:00:00'}, {'nid': '4008123', 'pub_date': '2019-04-02 08:00:00'}, {'nid': '3622234', 'pub_date': '2018-06-17 10:03:59'}, {'nid': '3468957', 'pub_date': '2018-03-06 20:31:28'}, {'nid': '3311549', 'pub_date': '2017-08-13 10:28:15'}, {'nid': '3106846', 'pub_date': '2017-02-25 11:23:16'}, {'nid': '2577692', 'pub_date': '2015-10-03 11:45:01'}, {'nid': '4008144', 'pub_date': '2019-06-04 10:40:00'}, {'nid': '6049947', 'pub_date': '2021-08-04 09:00:58'}, {'nid': '2466656', 'pub_date': '2015-07-01 11:05:01'}, {'nid': '2942793', 'pub_date': '2016-11-01 21:03:00'}, {'nid': '2669326', 'pub_date': '2016-01-31 12:55:07'}, {'nid': '2413016', 'pub_date': '2015-03-17 23:16:51'}, {'nid': '4075909', 'pub_date': '2019-03-14 01:27:55'}, {'nid': '3882452', 'pub_date': '2018-11-04 13:15:00'}, {'nid': '2412938', 'pub_date': '2016-07-01 11:22:22'}, {'nid': '5011909', 'pub_date': '2020-07-21 10:52:54'}, {'nid': '3156031', 'pub_date': '2017-04-09 12:13:06'}, {'nid': '2470895', 'pub_date': '2015-12-08 13:05:01'}, {'nid': '2470874', 'pub_date': '2017-07-01 22:40:00'}]",7.6亿
47,1000212,荆棘血,"[{'nid': '6365720', 'pub_date': '2021-12-02 20:23:24'}, {'nid': '7636119', 'pub_date': '2023-01-01 09:03:40'}, {'nid': '7536075', 'pub_date': '2022-12-07 19:00:00'}, {'nid': '1810703', 'pub_date': '2013-06-04 11:41:40'}, {'nid': '6404562', 'pub_date': '2022-12-01 12:00:00'}, {'nid': '6364841', 'pub_date': '2021-12-02 10:04:25'}]",3659万
20,5374157,岁尽,"[{'nid': '7672195', 'pub_date': '2023-01-03 16:51:57'}]",1732.7万
100,4968485,大花向日葵,"[{'nid': '7435624', 'pub_date': '2023-01-12 00:00:33'}, {'nid': '7250045', 'pub_date': '2022-09-26 18:00:00'}, {'nid': '7138841', 'pub_date': '2022-07-24 13:47:52'}]",7522.3万
206,3282857,木禾深深,"[{'nid': '7499184', 'pub_date': '2023-01-03 18:01:15'}, {'nid': '6793366', 'pub_date': '2022-09-25 12:00:00'}, {'nid': '6970928', 'pub_date': '2022-11-12 12:00:00'}, {'nid': '6203218', 'pub_date': '2022-04-01 21:00:01'}, {'nid': '6741959', 'pub_date': '2022-06-20 12:00:00'}, {'nid': '6679516', 'pub_date': '2022-05-27 12:00:00'}, {'nid': '5134205', 'pub_date': '2022-02-18 12:00:00'}, {'nid': '5947084', 'pub_date': '2021-07-10 21:00:00'}]",9239万
352,4303804,绝情浪子,"[{'nid': '7392811', 'pub_date': '2023-01-07 09:00:00'}, {'nid': '7169046', 'pub_date': '2022-10-17 09:00:00'}, {'nid': '6288722', 'pub_date': '2022-07-10 12:00:00'}]",2.2亿
587,3973131,包包祖,"[{'nid': '6595378', 'pub_date': '2023-01-15 00:10:39'}, {'nid': '6360252', 'pub_date': '2022-04-14 12:00:00'}, {'nid': '6197594', 'pub_date': '2021-12-04 00:10:16'}, {'nid': '5834173', 'pub_date': '2021-06-05 00:35:00'}, {'nid': '5948969', 'pub_date': '2021-09-19 09:10:00'}, {'nid': '5853862', 'pub_date': '2021-06-11 23:00:14'}]",2.8亿
531,4091664,愚客,"[{'nid': '7085936', 'pub_date': '2023-01-06 18:00:00'}, {'nid': '6774676', 'pub_date': '2022-06-28 21:00:00'}, {'nid': '6205832', 'pub_date': '2022-07-09 21:00:00'}, {'nid': '6279085', 'pub_date': '2021-10-23 23:40:00'}, {'nid': '6065381', 'pub_date': '2021-12-24 18:00:00'}, {'nid': '5976345', 'pub_date': '2021-07-16 21:31:02'}]",2.6亿
259,4613698,牧野闻歌,"[{'nid': '7178187', 'pub_date': '2023-01-12 00:10:30'}, {'nid': '6981778', 'pub_date': '2022-09-01 22:15:37'}, {'nid': '6694275', 'pub_date': '2022-03-25 18:04:36'}, {'nid': '6795437', 'pub_date': '2022-06-16 18:00:00'}, {'nid': '6710596', 'pub_date': '2022-03-29 10:21:26'}]",2亿
1151,1685687,青色地瓜,"[{'nid': '6263054', 'pub_date': '2022-01-02 21:00:00'}, {'nid': '4444644', 'pub_date': '2020-01-08 20:00:00'}, {'nid': '6565005', 'pub_date': '2022-12-07 21:00:00'}, {'nid': '6932853', 'pub_date': '2022-08-29 21:40:00'}, {'nid': '6410789', 'pub_date': '2022-03-24 21:00:00'}, {'nid': '5218082', 'pub_date': '2022-05-03 22:05:08'}, {'nid': '6645520', 'pub_date': '2022-07-01 18:00:00'}, {'nid': '6148779', 'pub_date': '2021-10-20 00:00:00'}, {'nid': '3115974', 'pub_date': '2021-07-24 21:00:00'}, {'nid': '5574165', 'pub_date': '2021-04-22 21:00:00'}, {'nid': '5033139', 'pub_date': '2021-02-03 01:30:30'}, {'nid': '4651266', 'pub_date': '2020-03-26 19:00:00'}, {'nid': '5218003', 'pub_date': '2020-10-10 21:25:16'}, {'nid': '4415424', 'pub_date': '2020-05-20 21:10:45'}, {'nid': '3358470', 'pub_date': '2019-06-29 12:57:20'}, {'nid': '3205606', 'pub_date': '2017-09-25 01:43:03'}, {'nid': '3376994', 'pub_date': '2019-10-25 18:00:00'}, {'nid': '2994712', 'pub_date': '2017-03-01 19:30:00'}, {'nid': '2916917', 'pub_date': '2016-10-25 19:21:08'}, {'nid': '2809456', 'pub_date': '2016-08-20 19:05:00'}, {'nid': '2762374', 'pub_date': '2016-07-03 19:20:00'}, {'nid': '2678238', 'pub_date': '2016-03-04 19:30:00'}, {'nid': '2596084', 'pub_date': '2015-10-28 11:23:15'}, {'nid': '2614501', 'pub_date': '2015-11-26 10:46:38'}, {'nid': '2723132', 'pub_date': '2016-04-14 20:00:00'}, {'nid': '3115838', 'pub_date': '2017-05-31 20:17:54'}, {'nid': '2677875', 'pub_date': '2016-02-10 12:40:30'}]",7.2亿
